{"main":"api-spec-template.raml","name":"api-spec-template","classifier":"raml","tags":[],"dependencies":[{"groupId":"a7ecb5be-3332-4935-804c-d88cbfc670e2","assetId":"traceable","version":"1.0.0"},{"groupId":"a7ecb5be-3332-4935-804c-d88cbfc670e2","assetId":"responsetype","version":"1.0.0"},{"groupId":"a7ecb5be-3332-4935-804c-d88cbfc670e2","assetId":"clientidenforced","version":"1.0.0"}],"groupId":"a7ecb5be-3332-4935-804c-d88cbfc670e2","backwardsCompatible":false,"assetId":"api-spec-template","version":"1.0.0","apiVersion":"v1","metadata":{"projectId":"11c15210-04a4-4cd9-9b72-9884083d4cc0","branchId":"master","commitId":"2387956955846cce19bcb1f8c315e14f0adfa1df"}}